ponto_especifico;ponto;mes;ano;ID;CT;CP;raios_peitoral_d;raios_peitoral_e;raios_peitoral_dif;raios_pelv_d;raios_pelv_e;raios_pelv_dif;doop_d;doop_e;doop_dif;dob_d;dob_e;dob_dif;bpeit_ppelv_d;bpeit_ppelv_e;bpeit_ppelv_dif;diam_olho_d;diam_olho_e;diam_olho_dif
13;montante;fev;2023;3;10,2;8,3;14;14;0;8;8;0;0,9;0,8;0,1;0,14;0,13;0,01;0,18;0,15;0,03;0,5;0,5;0
Mont, pto 13;montante;julho;2022;4;5,9;4,7;13;12;1;8;8;0;1,1;1;0,1;0,8;0,8;0;0,9;0,9;0;0,4;0,4;0
Mont, pto 13;montante;Julho;2022;5;9,9;8,1;13;13;0;8;8;0;1,7;1,7;0;1,3;1,3;0;1,7;1,6;0,1;0,6;0,7;-0,1
11;intermediario;setembro;2022;6;8,2;6,9;12;13;-1;8;8;0;1,4;1,4;0;0,9;1;-0,1;1,2;1,2;0;0,6;0,6;0
11;intermediario;setembro;2022;7;9,5;7,8;13;14;-1;8;8;0;1,7;1,6;0,1;1,2;1,1;0,1;1,5;1,6;-0,1;0,6;0,6;0
11;intermediario;setembro;2022;8;8,1;6,9;13;13;0;8;8;0;1,4;1,4;0;1;1;0;1,2;1,2;0;0,59;0,58;0,01
11;intermediario;setembro;2022;9;8,2;6,8;13;13;0;8;8;0;1,4;1,3;0,1;1,1;1;0,1;1,3;1,2;0,1;0,6;0,59;0,01
11;intermediario;setembro;2022;10;7,1;5,8;13;13;0;8;8;0;1,29;1,24;0,05;0,99;0,91;0,08;1,12;1,19;-0,07;0,56;0,53;0,03
11;intermediario;setembro;2022;11;8,8;7,1;13;13;0;8;8;0;1,47;1,46;0,01;1,09;1,02;0,07;1,35;1,29;0,06;0,62;0,6;0,02
11;intermediario;setembro;2022;12;7,5;6,2;13;13;0;8;8;0;1,27;1,22;0,05;1,04;1,03;0,01;1,27;1,41;-0,14;0,59;0,57;0,02
9;intermediario;agosto;2022;13;7,26;5,87;13;13;0;8;8;0;1,21;1,23;-0,02;0,97;0,93;0,04;1,16;1,16;0;0,51;0,51;0
Acima pto 12;montante;outubro ;2022;14;6,73;5,36;13;14;-1;8;8;0;1,07;1,01;0,06;0,99;1,02;-0,03;0,99;1,02;-0,03;0,45;0,47;-0,02
Acima pto 12;montante;outubro ;2022;15;6,84;5,56;14;13;1;8;8;0;1,07;1,06;0,01;0,91;0,98;-0,07;1,09;1,15;-0,06;0,52;0,49;0,03
7;jusante;outubro ;2022;16;7,66;6,05;12;12;0;8;8;0;1,23;1,23;0;0,93;0,96;-0,03;1,24;1,35;-0,11;0,53;0,54;-0,01
7;jusante;outubro ;2022;17;10,07;8,06;14;14;0;8;8;0;1,56;1,54;0,02;1,15;1,14;0,01;1,65;1,52;0,13;0,6;0,59;0,01
7;jusante;outubro ;2022;18;7,92;6,33;12;12;0;8;8;0;1,27;1,21;0,06;1,02;1,09;-0,07;1,28;1,23;0,05;0,55;0,5;0,05
7;jusante;outubro ;2022;19;9,26;7,71;13;13;0;8;8;0;1,49;1,43;0,06;1,13;1,19;-0,06;1,6;1,62;-0,02;0,62;0,61;0,01
7;jusante;outubro ;2022;20;7,4;6,01;12;12;0;8;8;0;1,23;1,2;0,03;0,94;0,92;0,02;1,07;1,15;-0,08;0,47;0,45;0,02
6;jusante;outubro ;2022;21;7,95;6,47;12;12;0;8;8;0;1,32;1,32;0;0,98;1;-0,02;1,35;1,24;0,11;0,51;0,53;-0,02
6;jusante;outubro ;2022;22;10,03;8,72;13;13;0;8;9;-1;1,63;1,64;-0,01;1,24;1,27;-0,03;1,74;1,76;-0,02;0,6;0,62;-0,02
6;jusante;outubro ;2022;23;7,94;6,52;13;12;1;8;8;0;1,4;1,33;0,07;0,99;0,93;0,06;1,07;1,13;-0,06;0,52;0,49;0,03
6;jusante;outubro ;2022;24;7,42;6,1;12;12;0;8;8;0;1,32;1,25;0,07;0,88;0,93;-0,05;1,25;1,26;-0,01;0,51;0,52;-0,01
trilha (12 - 12,5);montante;março;2023;25;12,8;11,1;13;11;2;8;8;0;2,04;1,87;0,17;1,57;1,48;0,09;2,41;2,43;-0,02;0,72;0,69;0,03
trilha (12 - 12,5);montante;março;2023;26;6,35;5,02;12;13;-1;8;8;0;1,04;1,02;0,02;0,79;0,8;-0,01;1,04;1,06;-0,02;0,42;0,4;0,02
trilha (12 - 12,5);montante;março;2023;27;4,89;3,95;13;14;-1;8;8;0;0,85;0,82;0,03;0,7;0,7;0;0,82;0,78;0,04;0,38;0,38;0
trilha (12 - 12,5);montante;março;2023;28;6,81;5,42;14;14;0;8;8;0;1,07;1,04;0,03;0,84;0,86;-0,02;0,99;1,01;-0,02;0,44;0,46;-0,02
trilha (12 - 12,5);montante;março;2023;29;6,42;5,16;13;13;0;8;8;0;1,02;1;0,02;0,79;0,76;0,03;0,97;0,98;-0,01;0,46;0,45;0,01
trilha (12 - 12,5);montante;março;2023;30;5,27;4,23;13;13;0;8;8;0;0,87;0,86;0,01;0,76;0,7;0,06;0,75;0,74;0,01;0,38;0,37;0,01
trilha (12 - 12,5);montante;março;2023;31;5,78;4,68;14;14;0;8;8;0;0,95;0,97;-0,02;0,75;0,73;0,02;0,92;0,99;-0,07;0,43;0,4;0,03
6;jusante;outubro;2022;32;7,78;6,49;13;13;0;8;8;0;1,24;1,25;-0,01;0,99;0,95;0,04;1,32;1,42;-0,1;0,53;0,57;-0,04
6;jusante;outubro;2022;33;6,98;5,85;12;13;-1;8;8;0;1,15;1,09;0,06;0,9;0,9;0;1,16;1,11;0,05;0,47;0,52;-0,05
6;jusante;outubro;2022;34;7,95;6,49;13;13;0;8;8;0;1,33;1,28;0,05;0,99;1,01;-0,02;1,32;1,31;0,01;0,55;0,59;-0,04
6;jusante;março;2023;36;10,82;8,9;13;14;-1;8;8;0;1,67;1,61;0,06;1,35;1,44;-0,09;1,87;1,79;0,08;0,68;0,68;0
6;jusante;março;2023;37;8,24;7,09;14;14;0;8;8;0;1,24;1,21;0,03;1,08;1,1;-0,02;1,36;1,41;-0,05;0,56;0,57;-0,01
6;jusante;março;2023;38;7,99;6,72;13;13;0;8;8;0;1,24;1,23;0,01;1,13;1,05;0,08;1,25;1,33;-0,08;0,59;0,62;-0,03
6;jusante;março;2023;39;6,31;5,21;13;13;0;8;8;0;1,03;1;0,03;0,81;0,8;0,01;1,01;1;0,01;0,46;0,45;0,01
6;jusante;março;2023;40;6,19;5,2;13;13;0;8;8;0;1,07;1,03;0,04;0,94;0,9;0,04;0,96;1,05;-0,09;0,45;0,46;-0,01
6;jusante;março;2023;41;4,9;4,06;13;13;0;8;8;0;0,85;0,84;0,01;0,69;0,74;-0,05;0,76;0,79;-0,03;0,38;0,35;0,03
Mont, pto 13;montante;fevereiro;2023;42;5,27;4,39;13;13;0;8;8;0;0,84;0,86;-0,02;0,76;0,78;-0,02;0,83;0,85;-0,02;0,4;0,38;0,02
Mont, pto 13;montante;fevereiro;2023;43;5,81;4,76;13;13;0;8;8;0;0,94;0,92;0,02;0,81;0,82;-0,01;0,9;0,98;-0,08;0,42;0,41;0,01
Mont, pto 13;montante;fevereiro;2023;44;4,29;3,46;14;13;1;8;8;0;0,73;0,72;0,01;0,62;0,57;0,05;0,61;0,69;-0,08;0,36;0,36;0
Mont, pto 13;montante;fevereiro;2023;45;5,32;4,4;13;13;0;8;8;0;0,87;0,87;0;0,71;0,73;-0,02;0,82;0,85;-0,03;0,34;0,38;-0,04
Mont, pto 13;montante;fevereiro;2023;46;4,63;3,72;12;13;-1;8;8;0;0,75;0,74;0,01;0,66;0,71;-0,05;0,75;0,73;0,02;0,37;0,33;0,04
Mont, pto 13;montante;fevereiro;2023;47;5,07;4,18;12;12;0;8;8;0;0,87;0,83;0,04;0,66;0,68;-0,02;0,81;0,76;0,05;0,36;0,38;-0,02
Mont, pto 13;montante;fevereiro;2023;48;4,15;3,39;13;12;1;8;8;0;0,67;0,7;-0,03;0,64;0,65;-0,01;0,65;0,63;0,02;0,36;0,35;0,01
Mont, pto 13;montante;fevereiro;2023;49;5,01;4,14;13;13;0;8;8;0;0,87;0,84;0,03;0,7;0,71;-0,01;0,85;0,84;0,01;0,41;0,4;0,01
Mont, pto 13;montante;fevereiro;2023;50;3,87;3,24;12;13;-1;8;8;0;0,7;0,71;-0,01;0,57;0,58;-0,01;0,63;0,61;0,02;0,32;0,31;0,01
Mont, pto 13;montante;fevereiro;2023;51;NA;3,43;12;11;1;8;8;0;0,76;0,69;0,07;0,63;0,6;0,03;0,65;0,71;-0,06;0,33;0,33;0
Mont, pto 13;montante;fevereiro;2023;52;3,8;3,16;12;11;1;8;8;0;0,64;0,68;-0,04;0,58;0,57;0,01;0,64;0,66;-0,02;0,3;0,32;-0,02
6;jusante;janeiro;2023;53;8,36;6,86;13;13;0;8;8;0;1,33;1,26;0,07;0,98;1,02;-0,04;1,47;1,41;0,06;0,52;0,51;0,01
6;jusante;janeiro;2023;54;10,19;8,36;13;13;0;8;8;0;1,73;1,67;0,06;1,29;1,26;0,03;1,73;1,85;-0,12;0,63;0,65;-0,02
6;jusante;janeiro;2023;55;5,24;4,18;13;12;1;8;8;0;0,89;0,83;0,06;0,71;0,72;-0,01;0,74;0,78;-0,04;0,41;0,37;0,04
6;jusante;janeiro;2023;56;6,77;5,58;14;15;-1;9;9;0;1,08;1,02;0,06;0,87;0,89;-0,02;1,18;1,16;0,02;0,44;0,43;0,01
13;montante;fevereiro;2023;57;9,6;7,96;13;13;0;8;8;0;1,35;1,35;0;1,14;1,16;-0,02;1,4;1,37;0,03;0,65;0,56;0,09
13;montante;fevereiro;2023;58;NA;4,99;12;12;0;8;8;0;0,99;0,99;0;0,81;0,82;-0,01;1,03;1,02;0,01;0,44;0,45;-0,01
13;montante;fevereiro;2023;59;7,46;6,21;13;13;0;8;8;0;1,19;1,17;0,02;0,97;0,99;-0,02;1,25;1,27;-0,02;0,52;0,51;0,01
13;montante;fevereiro;2023;60;3,48;2,79;12;12;0;8;8;0;0,63;0,59;0,04;0,48;0,48;0;0,48;0,52;-0,04;0,3;0,29;0,01
13;montante;fevereiro;2023;61;6,22;5,14;13;12;1;8;8;0;1,07;0,97;0,1;0,83;0,87;-0,04;1,03;0,95;0,08;0,43;0,45;-0,02
13;montante;fevereiro;2023;62;4,25;3,47;13;12;1;8;8;0;0,72;0,7;0,02;0,58;0,6;-0,02;0,68;0,64;0,04;0,34;0,33;0,01
13;montante;fevereiro;2023;63;5,33;4,15;13;12;1;8;8;0;1,01;0,96;0,05;0,77;0,79;-0,02;0,87;0,82;0,05;0,38;0,42;-0,04
13;montante;fevereiro;2023;64;3,49;2,73;10;10;0;8;8;0;0,67;0,66;0,01;0,51;0,53;-0,02;0,52;0,52;0;0,29;0,29;0
13;montante;fevereiro;2023;65;4,92;3,91;10;10;0;8;8;0;0,94;0,96;-0,02;0,77;0,75;0,02;0,83;0,8;0,03;0,39;0,39;0
13;montante;fevereiro;2023;66;4,37;3,45;12;12;0;8;8;0;0,8;0,79;0,01;0,69;0,69;0;0,75;0,71;0,04;0,35;0,36;-0,01
13;montante;fevereiro;2023;67;3,77;3,09;9;10;-1;8;8;0;0,76;0,72;0,04;0,6;0,59;0,01;0,64;0,62;0,02;0,3;0,31;-0,01
13;montante;fevereiro;2023;68;4,61;3,66;12;12;0;8;8;0;0,9;0,87;0,03;0,69;0,67;0,02;0,77;0,77;0;0,34;0,33;0,01
13;montante;fevereiro;2023;69;3.85;3,04;12;12;0;8;7;1;0,71;0,72;-0,01;0,59;0,58;0,01;0,56;0,61;-0,05;0,29;0,56;-0,27
13;montante;fevereiro;2023;70;5,15;4,16;13;13;0;8;8;0;0,93;0,94;-0,01;0,74;0,72;0,02;0,89;0,87;0,02;0,39;0,89;-0,5
13;montante;fevereiro;2023;71;3,56;2,69;10;10;0;8;8;0;0,69;0,69;0;0,51;0,52;-0,01;0,6;0,59;0,01;0,3;0,6;-0,3
13;montante;fevereiro;2023;72;4,66;3,77;13;13;0;8;8;0;0,88;0,9;-0,02;0,68;0,67;0,01;0,76;0,8;-0,04;0,36;0,36;0
13;montante;fevereiro;2023;73;4,46;3,46;11;11;0;8;8;0;0,85;0,84;0,01;0,68;0,69;-0,01;0,73;0,7;0,03;0,35;0,35;0
13;montante;fevereiro;2023;74;3,75;2,96;11;8;3;8;8;0;0,74;0,73;0,01;0,59;0,6;-0,01;0,57;0,6;-0,03;0,32;0,32;0
13;montante;fevereiro;2023;75;4,73;3,75;13;13;0;8;8;0;0,84;0,87;-0,03;0,74;0,7;0,04;0,84;0,85;-0,01;0,38;0,38;0
13;montante;fevereiro;2023;76;4,6;3,58;10;10;0;8;8;0;0,82;0,84;-0,02;0,72;0,7;0,02;0,71;0,71;0;0,36;0,38;-0,02
13;montante;fevereiro;2023;77;3,79;3,06;9;9;0;8;8;0;0,68;0,65;0,03;0,55;0,55;0;0,6;0,6;0;0,3;0,31;-0,01
13;montante;fevereiro;2023;78;3,57;3;11;;;;8;;0,68;0,7;-0,02;0,52;0,55;-0,03;0,6;0,57;0,03;0,32;0,32;0
13;montante;fevereiro;2023;79;3,16;2,51;6;8;-2;;;;0,62;0,6;0,02;0,52;0,53;-0,01;0,44;0,42;0,02;0,25;0,26;-0,01
13;montante;fevereiro;2023;80;3,29;2,64;10;8;2;8;8;0;0,62;0,6;0,02;0,52;0,53;-0,01;0,52;0,51;0,01;0,26;0,26;0
CANAL (jus pt 12,5);montante;Maio;2023;81;6,75;5,48;13;13;0;8;8;0;1,29;1,29;0;1,05;1,01;0,04;1,15;1,19;-0,04;0,51;0,51;0
CANAL (jus pt 12,5);montante;Maio;2023;82;6,73;5,29;14;14;0;8;8;0;1,27;1,3;-0,03;0,98;0,94;0,04;1,11;1,13;-0,02;0,5;0,48;0,02
CANAL (jus pt 12,5);montante;Maio;2023;83;4,4;3,42;13;13;0;7;8;-1;0,84;0,86;-0,02;0,69;0,69;0;0,7;0,73;-0,03;0,37;0,39;-0,02
CANAL (jus pt 12,5);montante;Maio;2023;84;4,01;3,33;12;12;0;8;8;0;0,86;0,86;0;0,65;0,65;0;0,64;0,63;0,01;0,38;0,39;-0,01
CANAL (jus pt 12,5);montante;Maio;2023;85;3,93;3,12;11;11;0;8;8;0;0,79;0,77;0,02;0,61;0,6;0,01;0,63;0,63;0;0,33;0,32;0,01
CANAL (jus pt 12,5);montante;Maio;2023;86;3,57;2,88;12;12;0;8;7;1;0,67;0,66;0,01;0,56;0,59;-0,03;0,6;0,6;0;0,31;0,31;0
CANAL (jus pt 12,5);montante;Maio;2023;87;5,28;4,21;13;13;0;8;8;0;0,97;0,98;-0,01;0,78;0,79;-0,01;0,86;0,86;0;0,42;0,43;-0,01
POÇÃO (pt 12,5);montante;Agosto;2023;88;6,28;5,31;14;14;0;8;8;0;1,3;1,32;-0,02;1,07;1,03;0,04;1,1;1,11;-0,01;0,51;0,5;0,01
POÇÃO (pt 12,5);montante;Agosto;2023;89;4,12;3,26;12;13;-1;8;8;0;0,82;0,81;0,01;0,64;0,62;0,02;0,64;0,64;0;0,34;0,36;-0,02
POÇÃO (pt 12,5);montante;Agosto;2023;90;5,86;4,69;14;14;0;8;8;0;1,16;1,16;0;0,82;0,84;-0,02;0,92;0,89;0,03;0,47;0,46;0,01
POÇÃO (pt 12,5);montante;Agosto;2023;91;4,27;3,42;11;11;0;8;8;0;0,83;0,85;-0,02;0,6;0,62;-0,02;0,72;0,71;0,01;0,35;0,37;-0,02
POÇÃO (pt 12,5);montante;Agosto;2023;92;7,46;5,83;14;14;0;8;8;0;1,39;1,4;-0,01;0,98;0,98;0;1,12;1,21;-0,09;0,52;0,54;-0,02
POÇÃO (pt 12,5);montante;Agosto;2023;93;4,23;3,42;13;13;0;8;8;0;0,83;0,85;-0,02;0,64;0,61;0,03;0,69;0,68;0,01;0,36;0,36;0
POÇÃO (pt 12,5);montante;Agosto;2023;94;3,84;3,16;12;12;0;8;8;0;0,81;0,79;0,02;0,6;0,61;-0,01;0,62;0,63;-0,01;0,33;0,35;-0,02
POÇÃO (pt 12,5);montante;Agosto;2023;95;5,2;3,99;13;13;0;8;8;0;0,99;0,98;0,01;0,7;0,73;-0,03;0,75;0,76;-0,01;0,44;0,43;0,01
CANAL (jus pt 12,5);montante;Novembro;2023;96;11,14;9,1;13;13;0;8;8;0;2,01;2,09;-0,08;1,41;1,44;-0,03;1,83;1,85;-0,02;0,73;0,74;-0,01
CANAL (jus pt 12,5);montante;Novembro;2023;97;5,66;4,44;14;13;1;8;8;0;1,1;1,11;-0,01;0,79;0,79;0;0,85;0,86;-0,01;0,44;0,45;-0,01
CANAL (jus pt 12,5);montante;Novembro;2023;98;4,57;3,67;13;;;8;8;0;0,91;0,91;0;0,67;0,66;0,01;0,69;0,65;0,04;0,35;0,36;-0,01
CANAL (jus pt 12,5);montante;Novembro;2023;99;8,79;6,88;12;12;0;8;8;0;1,64;1,62;0,02;1,15;1,19;-0,04;1,38;1,35;0,03;0,58;0,58;0
CANAL (jus pt 12,5);montante;Novembro;2023;100;9,73;7,67;13;13;0;8;8;0;1,8;1,79;0,01;1,25;1,24;0,01;1,63;1,57;0,06;0,64;0,66;-0,02
CANAL (jus pt 12,5);montante;Agosto;2023;101;6,07;4,86;13;12;1;8;8;0;1,07;1,1;-0,03;0,83;0,81;0,02;0,95;0,94;0,01;0,46;0,47;-0,01
CANAL (jus pt 12,5);montante;Agosto;2023;102;11,42;8,86;14;14;0;8;8;0;2,1;2,13;-0,03;1,48;1,42;0,06;2,1;2,11;-0,01;0,72;0,72;0
CANAL (jus pt 12,5);montante;Agosto;2023;103;4,54;3,57;12;12;0;8;8;0;0,84;0,86;-0,02;0,67;0,65;0,02;0,73;0,7;0,03;0,37;0,36;0,01
13;montante;Março;2023;104;4,06;3,17;13;13;0;8;8;0;0,79;0,81;-0,02;0,58;0,59;-0,01;0,67;0,68;-0,01;0,34;0,35;-0,01
13;montante;Março;2023;105;4,23;3,37;13;13;0;8;8;0;0,84;0,82;0,02;0,63;0,61;0,02;0,72;0,75;-0,03;0,36;0,35;0,01
13;montante;Março;2023;106;3,76;2,93;11;11;0;8;8;0;0,71;0,72;-0,01;0,54;0,55;-0,01;0,62;0,6;0,02;0,32;0,32;0
13;montante;Março;2023;107;4,43;3,45;12;12;0;8;8;0;0,86;0,83;0,03;0,65;0,64;0,01;0,71;0,71;0;0,35;0,36;-0,01
13;montante;Março;2023;108;5,97;4,64;14;14;0;8;8;0;1,14;1,11;0,03;0,84;0,82;0,02;1,01;0,99;0,02;0,44;0,43;0,01
13;montante;Março;2023;109;3,73;2,96;13;13;0;8;8;0;0,74;0,74;0;0,58;0,58;0;0,62;0,61;0,01;0,32;0,31;0,01
13;montante;Março;2023;110;3,34;2,81;11;11;0;8;8;0;0,69;0,7;-0,01;0,5;0,52;-0,02;0,52;0,52;0;0,3;0,29;0,01
13;montante;Março;2023;111;3,24;2,67;8;;;8;8;0;0,68;0,69;-0,01;0,51;0,49;0,02;0,6;0,6;0;0,29;0,3;-0,01
POÇÃO (pt 12,5);montante;Novembro;2023;112;6,28;4,88;14;14;0;8;8;0;1,23;1,21;0,02;0,82;0,82;0;1,01;1,01;0;0,46;0,47;-0,01
POÇÃO (pt 12,5);montante;Novembro;2023;113;6,45;4,93;13;13;0;8;8;0;1,49;1,47;0,02;0,83;0,84;-0,01;1,07;1,07;0;0,5;0,49;0,01
POÇÃO (pt 12,5);montante;Novembro;2023;114;7,85;6,07;13;13;0;8;8;0;1,5;1,49;0,01;0,98;1,01;-0,03;1,26;1,25;0,01;0,52;0,52;0
POÇÃO (pt 12,5);montante;Novembro;2023;115;6.23;4,73;13;13;0;8;8;0;1,17;1,18;-0,01;0,84;0,84;0;0,96;0,98;-0,02;0,48;0,46;0,02
POÇÃO (pt 12,5);montante;Novembro;2023;116;5.34;4,13;13;13;0;8;8;0;1;1,01;-0,01;0,7;0,69;0,01;0,81;0,82;-0,01;0,39;0,4;-0,01
POÇÃO (pt 12,5);montante;Novembro;2023;117;5.72;4,5;13;13;0;8;8;0;1,09;1,1;-0,01;0,78;0,8;-0,02;0,97;0,99;-0,02;0,43;0,43;0
POÇÃO (pt 12,5);montante;Novembro;2023;118;7.60;5,86;12;12;0;8;8;0;1,42;1,44;-0,02;0,98;0,98;0;1,15;1,11;0,04;0,54;0,53;0,01
POÇÃO (pt 12,5);montante;Novembro;2023;119;6.75;5,15;12;12;0;8;8;0;1,3;1,29;0,01;0,91;0,89;0,02;1,1;1,07;0,03;0,49;0,5;-0,01
POÇÃO (pt 12,5);montante;Novembro;2023;120;6.99;5,44;13;13;0;8;8;0;1,35;1,31;0,04;0,9;0,9;0;1,18;1,2;-0,02;0,51;0,51;0
POÇÃO (pt 12,5);montante;Novembro;2023;121;6,12;4,83;13;13;0;8;8;0;1,2;1,2;0;0,84;0,8;0,04;1;1,01;-0,01;0,44;0,44;0
POÇÃO (pt 12,5);montante;Novembro;2023;122;6,19;4,75;13;13;0;8;8;0;1,15;1,14;0,01;0,8;0,82;-0,02;0,98;0,96;0,02;0,44;0,44;0
POÇÃO (pt 12,5);montante;Novembro;2023;123;6,5;4,88;13;13;0;8;8;0;1,28;1,26;0,02;0,83;0,86;-0,03;1,04;1,02;0,02;0,48;0,48;0
POÇÃO (pt 12,5);montante;Novembro;2023;124;6,4;4,94;13;13;0;8;8;0;1,2;1,22;-0,02;1,85;1,83;0,02;1,01;1,04;-0,03;0,47;0,45;0,02
POÇÃO (pt 12,5);montante;Novembro;2023;125;4,07;3,15;10;11;-1;8;8;0;0,81;0,81;0;0,56;0,58;-0,02;0,68;0,66;0,02;0,32;0,36;-0,04
POÇÃO (pt 12,5);montante;Novembro;2023;126;6,69;5,06;13;13;0;8;8;0;1,25;1,23;0,02;0,89;0,88;0,01;1,07;1,09;-0,02;0,48;0,48;0
POÇÃO (pt 12,5);montante;Novembro;2023;127;6,4;4,89;13;13;0;8;8;0;1,2;1,2;0;0,8;0,83;-0,03;0,99;0,97;0,02;0,45;0,45;0
POÇÃO (pt 12,5);montante;Novembro;2023;128;5,81;4,55;13;13;0;8;8;0;1,11;1,11;0;0,79;0,78;0,01;0,97;0,97;0;0,44;0,45;-0,01
POÇÃO (pt 12,5);montante;Novembro;2023;129;5,3;4,03;13;13;0;8;8;0;1,02;1,02;0;0,67;0,69;-0,02;0,85;0,85;0;0,38;0,39;-0,01
POÇÃO (pt 12,5);montante;Novembro;2023;130;5,16;4,01;13;13;0;8;8;0;1,03;1,01;0,02;0,71;0,68;0,03;0,85;0,83;0,02;0,4;0,4;0
POÇÃO (pt 12,5);montante;Novembro;2023;131;6,19;4,8;13;13;0;8;8;0;1,15;1,15;0;0,77;0,77;0;0,98;0,99;-0,01;0,43;0,43;0
POÇÃO (pt 12,5);montante;Novembro;2023;132;5,84;4,65;13;13;0;8;8;0;1,12;1,1;0,02;0,72;0,71;0,01;0,96;0,96;0;0,45;0,44;0,01
POÇÃO (pt 12,5);montante;Novembro;2023;133;5,43;4,18;13;13;0;8;8;0;0,99;0,99;0;0,7;0,7;0;0,92;0,91;0,01;0,42;0,41;0,01
POÇÃO (pt 12,5);montante;Novembro;2023;134;6,36;4,77;14;14;0;8;8;0;1,2;1,19;0,01;0,84;0,82;0,02;1,04;1,04;0;0,49;0,47;0,02
POÇÃO (pt 12,5);montante;Novembro;2023;135;3,88;3,08;11;10;1;8;8;0;0,76;0,75;0,01;0,54;0,55;-0,01;0,57;0,57;0;0,31;0,31;0
POÇÃO (pt 12,5);montante;Novembro;2023;136;5,84;4,43;14;14;0;8;8;0;1,09;1,09;0;0,78;0,78;0;1,09;1,08;0,01;0,44;0,44;0
POÇÃO (pt 12,5);montante;Novembro;2023;137;4,75;3,7;12;12;0;8;8;0;0,92;0,92;0;0,71;0,71;0;0,77;0,8;-0,03;0,39;0,4;-0,01
POÇÃO (pt 12,5);montante;Novembro;2023;138;4,98;3,84;13;13;0;8;8;0;0,96;0,96;0;0,68;0,69;-0,01;0,76;0,76;0;0,42;0,42;0
POÇÃO (pt 12,5);montante;Novembro;2023;139;5,72;4,41;14;14;0;8;8;0;1,07;1,06;0,01;0,71;0,73;-0,02;0,94;0,93;0,01;0,42;0,43;-0,01
POÇÃO (pt 12,5);montante;Novembro;2023;140;2,98;2,44;9;7;2;8;8;0;0,59;0,61;-0,02;0,43;0,43;0;0,56;0,54;0,02;0,24;0,24;0
POÇÃO (pt 12,5);montante;Novembro;2023;141;3,64;2,84;11;11;0;8;8;0;0,7;0,7;0;0,47;0,49;-0,02;0,6;0,59;0,01;0,26;0,26;0
POÇÃO (pt 12,5);montante;Novembro;2023;142;4,57;3,48;13;13;0;8;8;0;0,88;0,89;-0,01;0,6;0,61;-0,01;0,71;0,71;0;0,36;0,35;0,01
POÇÃO (pt 12,5);montante;Novembro;2023;143;3,56;2,82;13;13;0;8;8;0;0,69;0,71;-0,02;0,49;0,46;0,03;0,61;0,62;-0,01;0,28;0,28;0
POÇÃO (pt 12,5);montante;Novembro;2023;144;3,35;2,71;9;9;0;8;8;0;0,69;0,69;0;0,45;0,46;-0,01;0,59;0,57;0,02;0,28;0,28;0
POÇÃO (pt 12,5);montante;Novembro;2023;145;3,45;2,76;11;11;0;8;8;0;0,69;0,68;0,01;0,46;0,46;0;0,63;0,62;0,01;0,27;0,28;-0,01
POÇÃO (pt 12,5);montante;Novembro;2023;146;6,35;4,97;13;13;0;8;8;0;1,15;1,15;0;0,83;0,83;0;1,07;1,09;-0,02;0,45;0,45;0
POÇÃO (pt 12,5);montante;Novembro;2023;147;2,8;2,26;9;11;-2;8;8;0;0,58;0,56;0,02;0,38;0,39;-0,01;0,47;0,47;0;0,22;0,22;0
8;intermediario;Março;2024;148;5,77;4,52;13;13;0;8;8;0;1,09;1,1;-0,01;0,78;0,78;0;0,95;0,97;-0,02;0,41;0,43;-0,02
8;intermediario;Março;2024;149;5,46;4,29;13;13;0;8;8;0;1,08;1,08;0;0,74;0,74;0;0,93;0,94;-0,01;0,42;0,43;-0,01
8;intermediario;Março;2024;150;5,77;4,41;13;13;0;8;8;0;1,08;1,09;-0,01;0,75;0,75;0;0,91;0,93;-0,02;0,43;0,42;0,01
8;intermediario;Março;2024;151;6,47;4,98;13;14;-1;8;8;0;1,25;1,25;0;0,89;0,88;0,01;1,04;1,08;-0,04;0,48;0,48;0
8;intermediario;Março;2024;152;6,92;5,33;13;13;0;8;8;0;1,34;1,32;0,02;0,92;0,92;0;1,12;1,13;-0,01;0,5;0,5;0
8;intermediario;Março;2024;153;5,79;4,6;13;13;0;8;8;0;1,14;1,14;0;0,79;0,78;0,01;0,98;1;-0,02;0,46;0,45;0,01
8;intermediario;Março;2024;154;5,94;4,72;13;13;0;8;8;0;1,16;1,17;-0,01;0,82;0,82;0;1;1;0;0,44;0,45;-0,01
6;jusante;Março;2024;155;6,88;5,42;13;13;0;8;8;0;1,3;1,32;-0,02;0,9;0,9;0;1,09;1,09;0;0,5;0,5;0
6;jusante;Março;2024;156;6,54;5,15;14;14;0;8;8;0;1,23;1,23;0;0,89;0,9;-0,01;0,99;0,97;0,02;0,5;0,5;0
6;jusante;Março;2024;157;5,69;4,44;13;13;0;8;8;0;1,12;1,14;-0,02;0,79;0,8;-0,01;0,95;0,93;0,02;0,46;0,45;0,01
6;jusante;Março;2024;158;4,79;3,65;14;13;1;8;8;0;0,92;0,92;0;0,66;0,66;0;0,76;0,74;0,02;0,39;0,39;0
6;jusante;Março;2024;159;5,24;4,05;13;13;0;8;8;0;1,02;1,01;0,01;0,72;0,73;-0,01;0,9;0,88;0,02;0,42;0,42;0
6;jusante;Março;2024;160;5,09;3,86;13;13;0;8;8;0;0,95;0,96;-0,01;0,69;0,68;0,01;0,78;0,77;0,01;0,39;0,39;0
6;jusante;Março;2024;161;5,7;4,39;13;13;0;8;8;0;1,12;1,12;0;0,79;0,79;0;0,9;0,87;0,03;0,45;0,46;-0,01
Entre 12,5 e 13;montante;Novembro;2023;162;6,15;4,64;15;14;1;8;8;0;1,16;1,16;0;0,82;0,84;-0,02;0,97;0,97;0;0,46;0,46;0
Entre 12,5 e 13;montante;Novembro;2023;163;5,65;4,24;15;13;2;8;8;0;1,06;1,06;0;0,75;0,76;-0,01;1,02;1;0,02;0,44;0,45;-0,01
Entre 12,5 e 13;montante;Novembro;2023;164;5,44;4,44;14;13;1;8;8;0;1,04;1,07;-0,03;0,8;0,72;0,08;0,94;0,84;0,1;0,44;0,45;-0,01
Entre 12,5 e 13;montante;Novembro;2023;165;5,1;4,07;14;14;0;8;8;0;0,99;1,01;-0,02;0,7;0,72;-0,02;0,8;0,81;-0,01;0,41;0,39;0,02
Mont, pto 13;montante;Março;2024;166;10,94;8,94;14;14;0;8;8;0;2;2,01;-0,01;1,43;1,41;0,02;1,72;1,78;-0,06;0,68;0,68;0
Mont, pto 13;montante;Março;2024;167;10,02;8,34;14;14;0;8;8;0;1,76;1,74;0,02;1,28;1,33;-0,05;1,78;1,81;-0,03;0,69;0,69;0
Mont, pto 13;montante;Março;2024;168;8,25;6,29;13;13;0;8;8;0;1,5;1,49;0,01;1,01;1,03;-0,02;1,21;1,34;-0,13;0,53;0,53;0
Mont, pto 13;montante;Março;2024;169;7,93;6,2;14;13;1;8;8;0;1,47;1,44;0,03;1,01;1,03;-0,02;1,31;1,29;0,02;0,55;0,55;0
Mont, pto 13;montante;Março;2024;170;9,47;7,4;13;13;0;8;8;0;1,75;1,73;0,02;1,24;1,22;0,02;1,61;1,58;0,03;0,66;0,64;0,02
Mont, pto 13;montante;Março;2024;171;7,03;5,33;13;14;-1;8;7;1;1,33;1,33;0;0,88;0,9;-0,02;1,07;1,04;0,03;0,51;0,53;-0,02
CANAL (jus pt 12,5);montante;Março;2024;172;7,39;5,68;14;14;0;8;8;0;1,37;1,39;-0,02;1,02;0,99;0,03;1,11;1,08;0,03;0,57;0,57;0
CANAL (jus pt 12,5);montante;Março;2024;173;6,25;4,83;13;14;-1;8;8;0;1,15;1,15;0;0,87;0,85;0,02;0,95;0,98;-0,03;0,5;0,51;-0,01
CANAL (jus pt 12,5);montante;Março;2024;174;5,18;4,3;13;15;-2;8;8;0;1,06;1,08;-0,02;0,75;0,75;0;0,92;0,89;0,03;0,44;0,44;0
CANAL (jus pt 12,5);montante;Março;2024;175;6,81;5,3;14;14;0;8;8;0;1,29;1,33;-0,04;0,94;0,94;0;1,03;1,02;0,01;0,53;0,53;0
Entre 12,5 e 13;montante;Março;2024;176;6,44;4,85;13;13;0;8;8;0;1,2;1,2;0;0,84;0,85;-0,01;1,03;0,86;0,17;0,49;0,49;0
Entre 12,5 e 13;montante;Março;2024;177;6,23;4,84;14;14;0;8;8;0;1,15;1,16;-0,01;0,86;0,86;0;0,94;0,9;0,04;0,6;0,5;0,1
Entre 12,5 e 13;montante;Março;2024;178;6,79;5,17;14;14;0;8;8;0;1,32;1,31;0,01;0,94;0,96;-0,02;1,14;1,06;0,08;0,53;0,54;-0,01
Entre 12,5 e 13;montante;Março;2024;179;7,58;5,83;13;13;0;8;8;0;1,37;1,37;0;0,99;0,99;0;1,26;1,27;-0,01;0,56;0,56;0
Entre 12,5 e 13;montante;Março;2024;180;6,46;4,93;13;13;0;8;8;0;1,24;1,24;0;0,85;0,85;0;1;0,98;0,02;0,51;0,49;0,02
Entre 12,5 e 13;montante;Março;2024;181;6,51;4,98;14;13;1;8;8;0;1,23;1,26;-0,03;0,91;0,9;0,01;1,09;0,97;0,12;0,53;0,53;0
Entre 12,5 e 13;montante;Março;2024;182;4,35;3,36;13;13;0;8;8;0;0,83;0,82;0,01;0,57;0,58;-0,01;0,65;0,63;0,02;0,34;0,35;-0,01
Entre 12,5 e 13;montante;Março;2024;183;4,33;3,39;13;13;0;8;8;0;0,87;0,89;-0,02;0,64;0,6;0,04;0,7;0,69;0,01;0,37;0,37;0
Entre 12,5 e 13;montante;Março;2024;184;4,23;3,28;13;13;0;8;8;0;0,84;0,82;0,02;0,6;0,6;0;0,7;0,68;0,02;0,34;0,36;-0,02
Entre 12,5 e 13;montante;Março;2024;185;3,92;2,96;13;13;0;8;8;0;0,77;0,79;-0,02;0,55;0,55;0;0,63;0,61;0,02;0,31;0,31;0
8;intermediario;Abril;2024;186;5,14;3,86;13;13;0;8;8;0;0,95;0,94;0,01;0,69;0,7;-0,01;0,86;0,87;-0,01;0,39;0,39;0
Mont, pt 09;intermediario;Abril;2024;187;4,43;3,45;14;13;1;8;8;0;0,84;0,85;-0,01;0,58;0,58;0;0,77;0,77;0;0,36;0,36;0
Mont, pt 09;intermediario;Abril;2024;188;6,73;5,29;13;13;0;8;8;0;1,22;1,22;0;0,91;0,92;-0,01;1,1;1,1;0;0,51;0,51;0
Mont, pt 09;intermediario;Abril;2024;189;5,04;4,02;14;14;0;8;8;0;0,94;0,96;-0,02;0,65;0,66;-0,01;0,86;0,85;0,01;0,41;0,39;0,02
Jus, pt 06;jusante;Abril;2024;190;10,98;8,39;13;14;-1;7;8;-1;1,89;1,9;-0,01;1,33;1,33;0;1,67;1,65;0,02;0,67;0,68;-0,01
Jus, pt 06;jusante;Abril;2024;191;6,32;4,79;13;13;0;8;8;0;1,14;1,18;-0,04;0,84;0,84;0;0,88;0,92;-0,04;0,48;0,48;0
Jus, pt 06;jusante;Abril;2024;192;7,3;5,68;13;14;-1;8;8;0;1,38;1,36;0,02;0,93;0,92;0,01;1,26;1,26;0;0,52;0,53;-0,01
Jus, pt 06;jusante;Abril;2024;193;13,03;9,93;15;15;0;8;8;0;2,4;2,42;-0,02;1,57;1,57;0;2,3;2,31;-0,01;0,8;0,8;0
8;intermediario;Abril;2024;194;7,21;5,71;13;13;0;8;8;0;1,34;1,34;0;0,92;0,92;0;1,17;1,17;0;0,52;0,52;0
8;intermediario;Abril;2024;195;6,96;5,32;14;14;0;8;8;0;1,33;1,3;0,03;0,89;0,91;-0,02;1,12;1,09;0,03;0,52;0,52;0
8;intermediario;Abril;2024;196;4,34;3,33;13;13;0;8;8;0;0,78;0,79;-0,01;0,56;0,56;0;0,66;0,64;0,02;0,33;0,33;0
8;intermediario;Abril;2024;197;5,05;2,94;12;12;0;8;8;0;0,75;0,77;-0,02;0,53;0,53;0;0,62;0,6;0,02;0,33;0,31;0,02
8;intermediario;Abril;2024;198;6,51;5,09;13;13;0;8;8;0;1,19;1,19;0;0,81;0,81;0;1,03;1,02;0,01;0,46;0,47;-0,01
8;intermediario;Abril;2024;199;3,76;2,95;12;12;0;8;8;0;0,69;0,71;-0,02;0,54;0,53;0,01;0,57;0,57;0;0,27;0,29;-0,02
8;intermediario;Abril;2024;200;3,83;2,88;13;13;0;8;8;0;0,74;0,74;0;0,52;0,52;0;0,6;0,58;0,02;0,29;0,3;-0,01
13;montante;Abril;2024;201;7,73;5,81;13;13;0;8;8;0;1,53;1,56;-0,03;1,06;1,06;0;1,31;1,3;0,01;0,65;0,63;0,02
13;montante;Abril;2024;202;4,95;3,8;14;15;-1;8;8;0;0,92;0,94;-0,02;0,69;0,68;0,01;0,79;0,79;0;0,38;0,38;0
13;montante;Abril;2024;203;4,55;3,46;13;13;0;8;8;0;0,89;0,89;0;0,65;0,65;0;0,78;0,78;0;0,39;0,4;-0,01
13;montante;Abril;2024;204;4,63;3,49;13;13;0;8;8;0;0,9;0,91;-0,01;0,66;0,66;0;0,76;0,73;0,03;0,4;0,4;0
13;montante;Abril;2024;205;7,34;5,68;14;14;0;8;8;0;1,43;1,39;0,04;1,01;1;0,01;1,23;1,23;0;0,58;0,59;-0,01
Mont, pto 13;montante;Abril;2024;206;8,14;6,08;14;16;-2;8;8;0;1,46;1,44;0,02;1,01;0,99;0,02;1,35;1,35;0;0,52;0,52;0
Mont, pto 13;montante;Abril;2024;207;8,1;6,3;13;13;0;8;8;0;1,46;1,45;0,01;1,02;1,03;-0,01;1,39;1,33;0,06;0,54;0,56;-0,02
CANAL (jus pt 12,5);montante;Abril;2024;208;11,51;8,87;14;14;0;8;8;0;2,05;2,1;-0,05;1,49;1,48;0,01;1,95;2,06;-0,11;0,72;0,72;0
7;jusante;Abril;2024;209;3,93;3,13;14;14;0;8;8;0;0,77;0,78;-0,01;0,55;0,56;-0,01;0,69;0,67;0,02;0,33;0,33;0
7;jusante;Abril;2024;210;6,39;4,8;13;13;0;8;8;0;1,18;1,17;0,01;0,81;0,81;0;1,03;1,04;-0,01;0,47;0,46;0,01
7;jusante;Abril;2024;211;5,73;4,51;13;13;0;8;8;0;1,07;1,07;0;0,77;0,77;0;0,95;0,97;-0,02;0,43;0,43;0
7;jusante;Abril;2024;212;6,15;4,83;13;13;0;8;8;0;1,12;1,14;-0,02;0,79;0,8;-0,01;1,03;1,03;0;0,43;0,43;0
7;jusante;Abril;2024;213;4,32;3,37;13;13;0;8;8;0;0,81;0,81;0;0,6;0,6;0;0,73;0,76;-0,03;0,33;0,33;0
7;jusante;Abril;2024;214;3,89;2,95;14;13;1;8;8;0;0,73;0,75;-0,02;0,52;0,53;-0,01;0,68;0,68;0;0,32;0,31;0,01
7;jusante;Abril;2024;215;3,42;2,74;13;12;1;8;8;0;0,7;0,7;0;0,46;0,45;0,01;0,63;0,62;0,01;0,29;0,29;0
CANAL (jus pt 12,5);montante;Abril;2024;216;7,16;5,37;14;14;0;8;8;0;1,31;1,29;0,02;0,96;0,96;0;1,14;1,09;0,05;0,53;0,54;-0,01
CANAL (jus pt 12,5);montante;Abril;2024;217;5,96;4,5;14;14;0;8;8;0;1,09;1,09;0;0,8;0,79;0,01;0,91;0,88;0,03;0,44;0,46;-0,02
CANAL (jus pt 12,5);montante;Abril;2024;218;6,22;4,73;14;14;0;8;8;0;1,17;1,16;0,01;0,83;0,82;0,01;1,03;1,03;0;0,49;0,49;0
CANAL (jus pt 12,5);montante;Abril;2024;219;4,47;3,44;12;12;0;8;8;0;0,85;0,87;-0,02;0,6;0,59;0,01;0,74;0,73;0,01;0,36;0,36;0
CANAL (jus pt 12,5);montante;Abril;2024;220;11,96;9,35;14;15;-1;8;8;0;2,27;2,19;0,08;1,58;1,59;-0,01;2,04;2,01;0,03;0,77;0,77;0
CANAL (jus pt 12,5);montante;Abril;2024;221;6,35;4,78;13;13;0;8;8;0;1,19;1,19;0;0,93;0,84;0,09;0,98;0,99;-0,01;0,5;0,5;0
CANAL (jus pt 12,5);montante;Abril;2024;222;5,12;3,86;13;13;0;8;8;0;0,95;0,97;-0,02;0,72;0,72;0;0,84;0,86;-0,02;0,42;0,41;0,01
CANAL (jus pt 12,5);montante;Abril;2024;223;6,35;4,92;14;14;0;8;8;0;1,22;1,22;0;0,85;0,85;0;1,06;1,06;0;0,52;0,52;0
CANAL (jus pt 12,5);montante;Abril;2024;224;6,46;4,84;14;14;0;8;8;0;1,18;1,18;0;0,87;0,87;0;1,02;1,04;-0,02;0,5;0,51;-0,01
CANAL (jus pt 12,5);montante;Abril;2024;225;4,32;3,22;13;13;0;8;8;0;0,82;0,84;-0,02;0,62;0,61;0,01;0,69;0,67;0,02;0,35;0,34;0,01
CANAL (jus pt 12,5);montante;Abril;2024;226;3,96;3,17;13;13;0;8;8;0;0,79;0,8;-0,01;0,58;0,58;0;0,69;0,66;0,03;0,34;0,33;0,01
8;intermediario;Novembro;2023;227;9,07;7,21;13;13;0;8;8;0;1,71;1,69;0,02;1,24;1,22;0,02;1,49;1,6;-0,11;0,64;0,64;0
8;intermediario;Novembro;2023;228;3,46;2,76;11;11;0;8;8;0;0,69;0,69;0;0,47;0,49;-0,02;0,56;0,57;-0,01;0,27;0,27;0
8;intermediario;Novembro;2023;229;3,19;2,46;;12;;8;8;0;0,63;0,64;-0,01;0,45;0,45;0;0,53;0,53;0;0,23;0,23;0
8;intermediario;Novembro;2023;230;3,92;3,05;12;12;0;8;8;0;0,75;0,76;-0,01;0,53;0,52;0,01;0,61;0,63;-0,02;0,3;0,29;0,01
8;intermediario;Novembro;2023;231;3,13;2,37;10;11;-1;8;8;0;0,62;0,64;-0,02;0,45;0,43;0,02;0,53;0,51;0,02;0,25;0,25;0
8;intermediario;Novembro;2023;232;3,13;2,47;;11;;8;8;0;0,63;0,65;-0,02;0,45;0,45;0;0,54;0,56;-0,02;0,25;0,25;0
8;intermediario;Novembro;2023;233;3,39;2,55;11;12;-1;8;8;0;0,65;0,65;0;0,46;0,46;0;0,53;0,51;0,02;0,25;0,25;0
8;intermediario;Novembro;2023;234;3,33;2,58;12;12;0;8;8;0;0,65;0,65;0;0,44;0,43;0,01;0,52;0,52;0;0,26;0,26;0
8;intermediario;Novembro;2023;235;2,88;2,24;11;11;0;8;8;0;0,59;0,59;0;0,37;0,37;0;0,46;0,45;0,01;0,22;0,22;0
8;intermediario;Novembro;2023;236;2,86;2,22;;;;8;8;0;0,6;0,6;0;0,37;0,37;0;0,46;0,43;0,03;0,23;0,23;0
8;intermediario;Novembro;2023;237;2,82;2,18;;;;8;8;0;0,56;0,54;0,02;0,37;0,38;-0,01;0,43;0,43;0;0,22;0,22;0
8;intermediario;Novembro;2023;238;3,03;2,36;10;;;8;8;0;0,62;0,62;0;0,42;0,43;-0,01;0,48;0,47;0,01;0,23;0,23;0
8;intermediario;Novembro;2023;239;2,89;2,27;10;11;-1;8;8;0;0,57;0,57;0;0,42;0,42;0;0,47;0,47;0;0,23;0,23;0
8;intermediario;Novembro;2023;240;3,14;2,43;10;10;0;8;8;0;0,6;0,6;0;0,44;0,42;0,02;0,46;0,44;0,02;0,23;0,23;0
8;intermediario;Novembro;2023;241;3;2,3;;11;;8;8;0;0,57;0,59;-0,02;0,39;0,39;0;0,45;0,45;0;0,22;0,22;0
8;intermediario;Novembro;2023;242;2,94;2,27;;;;8;8;0;0,59;0,59;0;0,4;0,4;0;0,46;0,49;-0,03;0,21;0,21;0
7;jusante;Novembro;2023;243;3,86;3,07;11;11;0;8;8;0;0,71;0,73;-0,02;0,52;0,5;0,02;0,67;0,67;0;0,29;0,29;0
7;jusante;Novembro;2023;244;3,54;2,79;11;11;0;8;8;0;0,67;0,67;0;0,5;0,48;0,02;0,62;0,62;0;0,26;0,27;-0,01
7;jusante;Novembro;2023;245;2,9;2,25;;11;;8;8;0;0,57;0,57;0;0,36;0,38;-0,02;0,45;0,45;0;0,22;0,22;0
7;jusante;Novembro;2023;246;3,12;2,4;;10;;8;8;0;0,63;0,64;-0,01;0,43;0,42;0,01;0,52;0,51;0,01;0,24;0,24;0
7;jusante;Novembro;2023;247;3,5;2,75;11;11;0;8;8;0;0,67;0,67;0;0,46;0,46;0;0,58;0,58;0;0,25;0,25;0
7;jusante;Novembro;2023;248;3,6;2,87;12;12;0;8;8;0;0,72;0,72;0;0,46;0,46;0;0,61;0,61;0;0,29;0,28;0,01
7;jusante;Novembro;2023;249;2,99;2,34;11;;;8;8;0;0,59;0,59;0;0,39;0,41;-0,02;0,51;0,51;0;0,23;0,24;-0,01
7;jusante;Novembro;2023;250;3,51;2,79;12;12;0;8;8;0;0,71;0,71;0;0,49;0,46;0,03;0,61;0,62;-0,01;0,27;0,27;0
7;jusante;Novembro;2023;251;2,71;2,08;11;11;0;8;8;0;0,53;0,52;0,01;0,38;0,36;0,02;0,39;0,38;0,01;0,21;0,22;-0,01
7;jusante;Novembro;2023;252;2,57;2,09;;11;;8;8;0;0,51;0,52;-0,01;0,35;0,35;0;0,42;0,4;0,02;0,22;0,22;0
7;jusante;Novembro;2023;253;2,82;2,2;;;;8;8;0;0,56;0,56;0;0,4;0,4;0;0,45;0,45;0;0,22;0,22;0
6;jusante;Junho;2024;254;6,94;5,38;14;15;-1;8;8;0;1,27;1,27;0;0,91;0,91;0;1,15;1,18;-0,03;0,5;0,5;0
6;jusante;Junho;2024;255;7,03;5,41;13;13;0;8;8;0;1,31;1,3;0,01;0,91;0,91;0;1,18;1,17;0,01;0,52;0,51;0,01
6;jusante;Junho;2024;256;7,18;5,48;14;13;1;8;8;0;1,28;1,31;-0,03;0,88;0,89;-0,01;1,15;1,13;0,02;0,53;0,53;0
6;jusante;Junho;2024;257;5,4;4,24;14;14;0;8;8;0;1,04;1,02;0,02;0,7;0,7;0;0,93;0,93;0;0,43;0,43;0
6;jusante;Junho;2024;258;6,17;4,79;13;13;0;8;8;0;1,19;1,17;0,02;0,8;0,82;-0,02;0,97;0,97;0;0,46;0,46;0
8;intermediario;Junho;2024;259;7,19;5,53;13;13;0;8;8;0;1,34;1,34;0;0,95;0,95;0;1,09;1,12;-0,03;0,5;0,5;0
8;intermediario;Junho;2024;260;8,23;6,35;14;14;0;8;8;0;1,47;1,48;-0,01;1,09;1,09;0;1,39;1,36;0,03;0,56;0,56;0
8;intermediario;Junho;2024;261;6,08;4,7;14;14;0;8;8;0;1,11;1,13;-0,02;0,79;0,79;0;1,02;1,01;0,01;0,45;0,44;0,01
8;intermediario;Junho;2024;262;6,79;5,41;14;14;0;8;8;0;1,19;1,19;0;0,85;0,86;-0,01;1,08;1,11;-0,03;0,5;0,5;0
8;intermediario;Junho;2024;263;7,47;5,81;14;14;0;8;8;0;1,31;1,32;-0,01;0,95;0,95;0;1,27;1,24;0,03;0,54;0,54;0
8;intermediario;Junho;2024;264;5,08;3,89;13;13;0;8;8;0;0,91;0,91;0;0,66;0,68;-0,02;0,81;0,78;0,03;0,38;0,39;-0,01
8;intermediario;Junho;2024;265;4,72;3,66;14;14;0;8;8;0;0,82;0,82;0;0,62;0,64;-0,02;0,72;0,72;0;0,34;0,34;0
8;intermediario;Junho;2024;266;4,36;3,5;13;14;-1;8;8;0;0,84;0,85;-0,01;0,59;0,59;0;0,71;0,74;-0,03;0,33;0,34;-0,01
POÇÃO (pt 12,5);montante;Junho;2024;267;6,34;4,76;14;14;0;8;8;0;1,23;1,24;-0,01;0,87;0,87;0;1,03;1;0,03;0,56;0,49;0,07
POÇÃO (pt 12,5);montante;Junho;2024;268;6,47;5,06;15;15;0;8;8;0;1,23;1,23;0;0,85;0,85;0;1,04;1,06;-0,02;0,52;0,52;0
POÇÃO (pt 12,5);montante;Junho;2024;269;4,42;3,4;13;13;0;8;8;0;0,86;0,87;-0,01;0,65;0,65;0;0,74;0,74;0;0,39;0,37;0,02
POÇÃO (pt 12,5);montante;Junho;2024;270;4,5;3,42;13;13;0;8;8;0;0,83;0,85;-0,02;0,63;0,65;-0,02;0,69;0,72;-0,03;0,37;0,37;0
POÇÃO (pt 12,5);montante;Junho;2024;271;6,96;5,32;13;13;0;8;8;0;1,28;1,29;-0,01;0,93;0,92;0,01;1,12;1,15;-0,03;0,52;0,54;-0,02
POÇÃO (pt 12,5);montante;Junho;2024;272;6,79;5,14;14;14;0;8;8;0;1,25;1,25;0;0,93;0,94;-0,01;1,1;1,11;-0,01;0,56;0,54;0,02
POÇÃO (pt 12,5);montante;Junho;2024;273;4,7;3,59;14;14;0;8;8;0;0,88;0,9;-0,02;0,63;0,63;0;0,79;0,75;0,04;0,4;0,4;0
POÇÃO (pt 12,5);montante;Junho;2024;274;4,99;3,71;14;14;0;8;8;0;0,94;0,94;0;0,66;0,67;-0,01;0,83;0,8;0,03;0,39;0,39;0
POÇÃO (pt 12,5);montante;Junho;2024;275;4,22;3,25;12;14;-2;8;8;0;0,85;0,85;0;0,62;0,64;-0,02;0,69;0,71;-0,02;0,37;0,37;0
POÇÃO (pt 12,5);montante;Junho;2024;276;4,62;3,54;13;13;0;8;8;0;0,83;0,83;0;0,62;0,63;-0,01;0,77;0,74;0,03;0,38;0,38;0
POÇÃO (pt 12,5);montante;Junho;2024;277;4,47;3,48;13;13;0;8;8;0;0,86;0,88;-0,02;0,64;0,63;0,01;0,72;0,75;-0,03;0,38;0,38;0
CANAL (jus pt 12,5);montante;junho;2024;278;6,59;5,02;14;14;0;8;8;0;1,26;1,26;0;0,86;0,88;-0,02;1,09;1,09;0;0,52;0,52;0
CANAL (jus pt 12,5);montante;junho;2024;279;6,36;4,85;14;14;0;8;8;0;1,15;1,17;-0,02;0,82;0,82;0;1,06;1,07;-0,01;0,51;0,53;-0,02
CANAL (jus pt 12,5);montante;junho;2024;280;6,41;4,84;14;14;0;8;8;0;1,23;1,23;0;0,87;0,87;0;1,12;1,12;0;0,51;0,51;0
CANAL (jus pt 12,5);montante;junho;2024;281;4,99;3,79;13;13;0;8;8;0;0,93;0,93;0;0,71;0,71;0;0,79;0,8;-0,01;0,43;0,43;0
CANAL (jus pt 12,5);montante;junho;2024;282;4,51;3,39;13;13;0;8;8;0;0,81;0,78;0,03;0,59;0,61;-0,02;0,78;0,75;0,03;0,38;0,38;0
CANAL (jus pt 12,5);montante;junho;2024;283;4,16;3,21;13;13;0;8;8;0;0,84;0,85;-0,01;0,61;0,61;0;0,7;0,7;0;0,36;0,36;0
13;montante;junho;2024;284;6,65;5,1;14;14;0;8;8;0;1,3;1,27;0,03;0,89;0,89;0;1,15;1,12;0,03;0,52;0,52;0
13;montante;junho;2024;285;5,93;4,64;14;14;0;8;8;0;1,15;1,14;0,01;0,82;0,81;0,01;1,04;1,1;-0,06;0,52;0,52;0
13;montante;junho;2024;286;4,68;3,68;14;14;0;8;8;0;0,96;0,96;0;0,68;0,68;0;0,8;0,8;0;0,4;0,42;-0,02
13;montante;junho;2024;287;4,68;3,68;14;14;0;8;8;0;0,93;0,93;0;0,66;0,67;-0,01;0,79;0,79;0;0,4;0,4;0
13;montante;junho;2024;288;4,84;3,68;14;14;0;8;8;0;0,92;0,94;-0,02;0,69;0,69;0;0,8;0,78;0,02;0,4;0,4;0
13;montante;junho;2024;289;5,14;3,92;13;13;0;8;8;0;1,06;1,06;0;0,72;0,72;0;0,84;0,83;0,01;0,44;0,44;0
13;montante;junho;2024;290;5,2;3,79;13;13;0;8;8;0;1;1;0;0,72;0,72;0;0,89;0,85;0,04;0,42;0,43;-0,01
13;montante;junho;2024;291;4,68;3,6;14;14;0;8;8;0;0,9;0,89;0,01;0,67;0,67;0;0,74;0,77;-0,03;0,39;0,39;0
Mont, pto 13;montante;junho;2024;292;8,46;6,59;14;14;0;8;8;0;1,54;1,55;-0,01;1,11;1,11;0;1,42;1,42;0;0,61;0,61;0
trilha (12 - 12,5);montante;Agosto;2024;293;8,4;6,36;14;13;1;8;8;0;1,41;1,46;-0,05;1,13;1,11;0,02;1,42;1,4;0,02;0,62;0,65;-0,03
trilha (12 - 12,5);montante;Agosto;2024;294;10,1;8,24;13;14;-1;8;8;0;1,6;1,54;0,06;1,18;1,22;-0,04;1,57;1,57;0;0,71;0,69;0,02
trilha (12 - 12,5);montante;agosto;2024;295;7,58;6,02;13;13;0;8;8;0;1,33;1,31;0,02;1,04;1,02;0,02;1,22;1,22;0;0,56;0,58;-0,02
trilha (12 - 12,5);montante;agosto;2024;296;13,67;11,53;12;13;-1;8;8;0;2,21;2,37;-0,16;1,72;1,75;-0,03;2,27;2,26;0,01;0,84;0,9;-0,06
trilha (12 - 12,5);montante;agosto;2024;297;7,04;5,39;14;14;0;8;8;0;1,22;1,2;0,02;0,91;0,9;0,01;1,08;1,08;0;0,55;0,55;0
trilha (12 - 12,5);montante;agosto;2024;298;6,87;5,44;14;14;0;8;8;0;1,25;1,21;0,04;0,92;0,91;0,01;1,13;1,15;-0,02;0,53;0,53;0
trilha (12 - 12,5);montante;agosto;2024;299;6,81;5,2;14;15;-1;8;8;0;1,19;1,17;0,02;0,89;0,89;0;1,07;1,02;0,05;0,52;0,52;0
trilha (12 - 12,5);montante;agosto;2024;300;8,47;6,56;14;14;0;8;8;0;1,54;1,47;0,07;1,13;1,13;0;1,43;1,37;0,06;0,62;0,64;-0,02
trilha (12 - 12,5);montante;agosto;2024;301;4,7;3,49;12;11;1;8;8;0;0,83;0,8;0,03;0,65;0,65;0;0,74;0,73;0,01;0,4;0,38;0,02
trilha (12 - 12,5);montante;agosto;2024;302;6,76;5,19;15;15;0;8;8;0;1,17;1,14;0,03;0,91;0,92;-0,01;0,97;1,04;-0,07;0,53;0,5;0,03
trilha (12 - 12,5);montante;agosto;2024;303;4,45;3,45;12;12;0;8;8;0;0,82;0,82;0;0,63;0,63;0;0,73;0,69;0,04;0,38;0,37;0,01
trilha (12 - 12,5);montante;agosto;2024;304;4,53;3,48;13;13;0;8;8;0;0,78;0,8;-0,02;0,6;0,6;0;0,75;0,74;0,01;0,39;0,39;0
POÇÃO (pt 12,5);montante;agosto;2024;305;6,6;5,05;13;13;0;8;8;0;1,22;1,15;0,07;0,84;0,86;-0,02;0,97;0,96;0,01;0,52;0,54;-0,02
POÇÃO (pt 12,5);montante;agosto;2024;306;5,71;4,35;13;14;-1;8;8;0;1,03;0,99;0,04;0,73;0,73;0;0,87;0,91;-0,04;0,47;0,44;0,03
POÇÃO (pt 12,5);montante;agosto;2024;307;9,01;7,03;14;14;0;8;8;0;1,55;1,53;0,02;1,13;1,15;-0,02;1,34;1,31;0,03;0,58;0,56;0,02
POÇÃO (pt 12,5);montante;agosto;2024;308;4,79;3,71;14;13;1;8;8;0;0,95;0,91;0,04;0,67;0,68;-0,01;0,76;0,75;0,01;0,44;0,41;0,03
POÇÃO (pt 12,5);montante;agosto;2024;309;7,3;5,71;14;15;-1;8;8;0;1,33;1,26;0,07;0,94;0,94;0;1,2;1,22;-0,02;0,54;0,54;0
POÇÃO (pt 12,5);montante;agosto;2024;310;6,59;5,05;14;14;0;8;8;0;1,23;1,2;0,03;0,85;0,89;-0,04;1,01;1,02;-0,01;0,53;0,55;-0,02
POÇÃO (pt 12,5);montante;agosto;2024;311;4,56;3,4;13;13;0;8;8;0;0,82;0,82;0;0,62;0,63;-0,01;0,68;0,66;0,02;0,39;0,39;0
POÇÃO (pt 12,5);montante;agosto;2024;312;4,49;3,44;14;14;0;8;8;0;0,87;0,84;0,03;0,63;0,67;-0,04;0,69;0,67;0,02;0,39;0,38;0,01
POÇÃO (pt 12,5);montante;agosto;2024;313;3,93;3,02;13;12;1;8;8;0;0,74;0,69;0,05;0,55;0,53;0,02;0,61;0,58;0,03;0,34;0,34;0
POÇÃO (pt 12,5);montante;agosto;2024;314;4,94;3,83;14;14;0;8;8;0;0,93;0,9;0,03;0,66;0,67;-0,01;0,76;0,78;-0,02;0,39;0,4;-0,01
POÇÃO (pt 12,5);montante;agosto;2024;315;4,28;3,34;14;14;0;8;8;0;0,83;0,83;0;0,56;0,57;-0,01;0,64;0,64;0;0,38;0,38;0
CANAL (jus pt 12,5);montante;agosto;2024;316;7,91;6,23;13;13;0;8;8;0;1,39;1,34;0,05;1,1;1,1;0;1,22;1,14;0,08;0,56;0,57;-0,01
CANAL (jus pt 12,5);montante;agosto;2024;317;7,56;5,86;13;14;-1;8;8;0;1,34;1,34;0;1,07;1,08;-0,01;1,23;1,29;-0,06;0,55;0,55;0
CANAL (jus pt 12,5);montante;agosto;2024;318;6,85;5,36;14;14;0;8;8;0;1,14;1,11;0,03;0,99;0,99;0;1,09;1,09;0;0,52;0,52;0
CANAL (jus pt 12,5);montante;agosto;2024;319;591;4,41;13;13;0;8;8;0;1,03;1,03;0;0,78;0,8;-0,02;0,94;0,85;0,09;0,5;0,5;0
CANAL (jus pt 12,5);montante;agosto;2024;320;4,94;3,83;13;13;0;8;8;0;0,9;0,9;0;0,7;0,72;-0,02;0,69;0,72;-0,03;0,41;0,41;0
Acima PT 13;montante;agosto;2024;321;x;4,57;13;14;-1;8;8;0;1,03;1,06;-0,03;0,83;0,83;0;0,91;0,95;-0,04;0,5;0,5;0
Acima PT 13;montante;agosto;2024;322;x;5,49;13;13;0;8;8;0;1,25;1,22;0,03;1;1,03;-0,03;1,06;1,06;0;0,56;0,54;0,02
Acima PT 13;montante;agosto;2024;323;4,81;3,75;14;13;1;8;8;0;0,87;0,82;0,05;0,68;0,68;0;0,75;0,77;-0,02;0,4;0,42;-0,02
Acima PT 13;montante;agosto;2024;324;8,32;6,48;15;15;0;8;8;0;1,44;1,42;0,02;1,16;1,18;-0,02;1,15;1,15;0;0,6;0,62;-0,02
Acima PT 13;montante;agosto;2024;325;8,17;6,41;13;13;0;8;8;0;1,44;1,44;0;1,18;1,18;0;1,19;1,25;-0,06;0,59;0,59;0
Acima PT 13;montante;agosto;2024;326;9,73;7,47;14;14;0;8;8;0;1,65;1,7;-0,05;1,26;1,23;0,03;1,57;1,55;0,02;0,62;0,65;-0,03
Acima PT 13;montante;agosto;2024;327;6,79;5,38;13;14;-1;8;8;0;1,23;1,22;0,01;0,94;0,93;0,01;1,17;1,12;0,05;0,52;0,5;0,02
Acima PT 13;montante;agosto;2024;328;6,28;4,84;13;13;0;8;8;0;1,13;1,09;0,04;0,87;0,86;0,01;1,02;0,99;0,03;0,46;0,45;0,01
Acima PT 13;montante;agosto;2024;329;7,73;5,97;13;13;0;8;8;0;1,36;1,34;0,02;0,99;0,99;0;1,31;1,29;0,02;0,55;0,53;0,02
Acima PT 13;montante;agosto;2024;330;6,74;5,14;13;13;0;8;8;0;1,16;1,16;0;0,91;0,9;0,01;1,08;1,12;-0,04;0,51;0,51;0
Acima PT 13;montante;agosto;2024;331;6,61;5,09;13;13;0;8;8;0;1,16;1,18;-0,02;0,9;0,89;0,01;1,07;1,05;0,02;0,48;0,48;0
Acima PT 13;montante;agosto;2024;332;10,51;8,3;14;14;0;8;8;0;1,8;1,78;0,02;1,28;1,26;0,02;1,64;1,71;-0,07;0,64;0,62;0,02
Acima PT 13;montante;agosto;2024;333;6,41;4,84;15;14;1;8;8;0;1,11;1,08;0,03;0,86;0,86;0;1,09;1,06;0,03;0,45;0,47;-0,02
Acima PT 13;montante;agosto;2024;334;13,3;10,56;14;14;0;8;8;0;2,19;2,16;0,03;1,62;1,66;-0,04;2,32;2,45;-0,13;0,72;0,69;0,03
Acima PT 13;montante;agosto;2024;335;6,8;5,17;;14;;8;8;0;1,16;1,14;0,02;0,98;0,93;0,05;1,14;1,1;0,04;0,5;0,51;-0,01
Acima PT 13;montante;agosto;2024;336;6,32;4,71;14;14;0;8;8;0;1,15;1,14;0,01;0,86;0,86;0;0,93;0,95;-0,02;0,48;0,45;0,03
Acima PT 13;montante;agosto;2024;337;8,58;6,63;14;13;1;8;8;0;1,49;1,49;0;1,13;1,13;0;1,44;1,4;0,04;0,61;0,58;0,03
Acima PT 13;montante;agosto;2024;338;6,51;5,09;14;14;0;8;8;0;1,15;1,14;0,01;0,88;0,86;0,02;1,09;1,09;0;0,47;0,47;0
Acima PT 13;montante;agosto;2024;339;6,37;4,92;15;15;0;8;8;0;1,14;1,1;0,04;0,84;0,89;-0,05;1;0,98;0,02;0,49;0,49;0
Acima PT 13;montante;agosto;2024;340;6,58;4,96;13;14;-1;8;8;0;1,04;1,05;-0,01;0,83;0,87;-0,04;1,14;1,05;0,09;0,48;0,46;0,02
Acima PT 13;montante;agosto;2024;341;6,28;4,72;14;14;0;8;8;0;1,12;1,07;0,05;0,83;0,83;0;0,95;0,99;-0,04;0,45;0,49;-0,04
Acima PT 13;montante;agosto;2024;342;6,05;4,65;14;14;0;9;9;0;1,06;1,06;0;0,84;0,87;-0,03;0,91;0,92;-0,01;0,46;0,46;0
Acima PT 13;montante;agosto;2024;343;5,92;4,51;14;13;1;8;8;0;1,09;1,1;-0,01;0,83;0,82;0,01;0,94;0,94;0;0,47;0,46;0,01
Acima PT 13;montante;agosto;2024;344;9,76;7,64;13;13;0;8;8;0;1,7;1,67;0,03;1,25;1,23;0,02;1,56;1,46;0,1;0,66;0,64;0,02
Acima PT 13;montante;agosto;2024;345;6,21;4,82;13;13;0;8;8;0;1,11;1,11;0;0,84;0,83;0,01;0,92;0,92;0;0,46;0,48;-0,02
Acima PT 13;montante;agosto;2024;346;6,63;4,97;13;14;-1;8;8;0;1,11;1,11;0;0,9;0,89;0,01;1,1;1,06;0,04;0,5;0,48;0,02
Acima PT 13;montante;agosto;2024;347;5,98;4,65;13;13;0;8;8;0;1,06;1,09;-0,03;0,82;0,86;-0,04;0,96;0,99;-0,03;0,47;0,47;0
Acima PT 13;montante;agosto;2024;348;6,44;4,99;13;13;0;8;8;0;1,11;1,11;0;0,85;0,83;0,02;1,06;1,1;-0,04;0,45;0,46;-0,01
Acima PT 13;montante;agosto;2024;349;5,82;4,38;13;13;0;9;9;0;0,92;0,95;-0,03;0,78;0,79;-0,01;0,88;0,81;0,07;0,46;0,46;0
Acima PT 13;montante;agosto;2024;350;5,61;4,24;13;13;0;8;8;0;0,96;1;-0,04;0,76;0,77;-0,01;0,91;0,88;0,03;0,43;0,43;0
Acima PT 13;montante;agosto;2024;351;x;3,72;13;11;2;8;8;0;0,8;0,84;-0,04;0,73;0,73;0;0,73;0,7;0,03;0,38;0,36;0,02
Acima PT 13;montante;agosto;2024;352;6,24;4,65;13;13;0;8;8;0;1,06;1,06;0;0,84;0,84;0;1,02;0,96;0,06;0,47;0,44;0,03
13;montante;agosto;2024;353;5,04;3,8;15;15;0;8;8;0;0,88;0,88;0;0,77;0,79;-0,02;0,79;0,8;-0,01;0,41;0,43;-0,02
13;montante;agosto;2024;354;5,51;4,22;13;13;0;8;8;0;0,97;0,97;0;0,76;0,77;-0,01;0,85;0,83;0,02;0,43;0,47;-0,04
13;montante;agosto;2024;355;4,95;3,82;13;12;1;8;8;0;0,93;0,92;0,01;0,73;0,77;-0,04;0,84;0,81;0,03;0,43;0,41;0,02
13;montante;agosto;2024;356;6,63;5,12;15;15;0;8;8;0;1,19;1,17;0,02;0,93;0,96;-0,03;1,04;1,02;0,02;0,51;0,51;0
13;montante;agosto;2024;357;5,04;3,81;14;15;-1;8;8;0;0,91;0,91;0;0,72;0,73;-0,01;0,78;0,73;0,05;0,4;0,4;0
13;montante;agosto;2024;358;4,36;3,46;14;14;0;8;8;0;0,79;0,79;0;0,66;0,63;0,03;0,75;0,75;0;0,36;0,36;0
13;montante;agosto;2024;359;4,72;3,59;14;14;0;9;9;0;0,88;0,88;0;0,71;0,71;0;0,72;0,72;0;0,42;0,4;0,02
13;montante;agosto;2024;360;8,2;6,61;14;14;0;8;8;0;1,43;1,45;-0,02;1,13;1,13;0;1,35;1,32;0,03;0,58;0,61;-0,03
13;montante;agosto;2024;361;4,41;3,38;14;13;1;8;8;0;0,8;0,79;0,01;0,65;0,64;0,01;0,67;0,67;0;0,37;0,37;0
